{"geo.lat": [33.327, 33.54, null, 33.32, 33.54902899, 33.29783021, 33.30792821, 33.2394081, 33.379, 33.03488947, 33.12322893, 33.40689975, 33.30046301, 33.56819897, 33.5934, null, 33.127718, 33.276, 33.03910881, 33.299, 33.334, 33.31547917, 32.99181498, 33.12056973, 33.29601687, 33.034864, 33.54, 33.52339423, 32.97276807, 33.34159325, 33.511, 33.56819897, 33.277, 33.0401201, 33.571, 33.54307829, 33.54376102, 33.55795173, 33.40111815, 33.536, 33.293, 33.373, 32.989, 33.37468214, 33.524], "geo.lon": [-115.959, -115.938, null, -115.939, -116.1527859, -115.9720562, -115.9301073, -115.5100853, -116.015, -115.6194045, -115.5105124, -116.0401617, -115.9735552, -116.1224709, -116.0798, null, -115.5128225, -115.972, -115.6263014, -115.957, -115.971, -115.946521, -115.5313702, -115.5188513, -115.9574689, -115.6250915, -116.12, -115.9145677, -115.5257492, -115.96789, -115.89, -116.1224602, -115.976, -115.6234959, -116.178, -116.0288406, -115.9421084, -116.0599409, -116.041252, -115.937, -115.973, -116.012, -115.537, -116.0236343, -115.917], "sn": ["MOD-PM-00645", "MOD-PM-00642", "MOD-PM-00690", "MOD-PM-00665", "MOD-PM-00637", "MOD-PM-00678", "MOD-PM-00673", "MOD-PM-00687", "MOD-PM-00703", "MOD-PM-00671", "MOD-PM-00695", "MOD-PM-00651", "MOD-PM-00676", "MOD-PM-00661", "MOD-PM-00166", "MOD-PM-00677", "MOD-PM-00639", "MOD-PM-00704", "MOD-PM-00688", "MOD-PM-00666", "MOD-PM-00691", "MOD-PM-00682", "MOD-PM-00672", "MOD-PM-00709", "MOD-PM-00656", "MOD-PM-00654", "MOD-PM-00692", "MOD-PM-00662", "MOD-PM-00668", "MOD-PM-00655", "MOD-PM-00659", "MOD-PM-00674", "MOD-PM-00684", "MOD-PM-00653", "MOD-PM-00641", "MOD-PM-00638", "MOD-PM-00635", "MOD-PM-00683", "MOD-PM-00711", "MOD-PM-00640", "MOD-PM-00675", "MOD-PM-00646", "MOD-PM-00696", "MOD-PM-00652", "MOD-PM-00660"], "pm25": [12.094, 1.335, 10.868, 4.861, 170.196, 1.746, 1.291, 2.746, 4.031, 3.021, 2.168, 4.381, 4.498, 17.935, 0.651, null, 0.609, 35.001, 0.951, 2.978, 4.712, 3.587, 18.574, 2.749, 7.102, 1.118, 18.766, 2.539, 4.156, 6.183, 59.337, 19.863, 5.613, 2.253, 3.863, 7.103, 8.442, 0.981, 12.336, 8.783, 3.801, 3.82, 1.8, 7.103, 6.086], "pm10": [22.562, 20.598, 109.084, 10.689, 187.748, 13.18, 1.324, 4.104, 13.211, 16.438, 39.148, 28.941, 6.964, 85.654, 3.756, null, 7.625, 51.353, 1.357, 3.908, 4.777, 27.398, 28.965, 4.581, 31.597, 2.003, 53.939, 33.081, 21.35, 6.183, 100.769, 25.426, 14.949, 4.416, 5.231, 14.323, 15.284, 1.066, 84.557, 14.485, 7.683, 7.136, 5.559, 8.148, 8.522], "timestamp": ["2024-02-05T01:06:20", "2024-02-05T03:02:23", "2024-02-05T03:02:58", "2024-02-05T03:06:21", "2024-02-05T03:04:25", "2024-02-05T03:04:12", "2024-02-05T03:07:15", "2024-02-05T03:04:26", "2024-02-05T03:03:54", "2024-02-05T03:05:31", "2024-02-05T03:01:28", "2024-02-05T03:02:28", "2024-02-05T03:06:14", "2024-02-05T03:05:33", "2024-01-27T04:03:45", "2024-02-05T03:03:22", "2024-02-05T03:06:08", "2024-02-05T03:02:46", "2024-02-05T03:01:22", "2024-02-05T03:07:14", "2024-03-30T04:12:50", "2024-02-05T03:07:01", "2024-02-05T03:05:33", "2024-02-05T03:07:09", "2024-02-05T03:04:13", "2024-02-05T03:04:18", "2024-02-05T00:08:12", "2024-02-03T00:31:29", "2024-02-05T03:05:52", "2024-02-05T03:05:15", "2024-02-05T03:02:52", "2024-02-05T03:05:51", "2024-02-05T03:02:39", "2024-02-05T03:03:10", "2024-02-05T03:06:39", "2024-01-31T16:19:07", "2024-02-05T03:03:22", "2024-02-05T03:00:42", "2024-02-05T03:06:26", "2024-02-05T03:02:29", "2024-02-05T03:05:59", "2024-02-05T03:02:44", "2024-02-05T03:05:34", "2024-02-05T03:06:52", "2024-02-05T03:05:56"]}